BMI Category,Health risk,BMI min,BMI mean,BMI max,count,probability
BMI ERROR,BMI ERROR,-1.2,-1.0999999999999999,-1.0,3,0.2
Underweight,Malnutrition risk,18.4,18.4,18.4,1,0.06666666666666667
Normal weight,Low risk,22.49963710262738,23.721689733797604,24.9,3,0.2
Overweight,Enhanced risk,29.402273297715947,29.65113664885797,29.9,2,0.13333333333333333
Moderately obese,Medium risk,31.11111111111111,32.908417603598735,34.9,4,0.26666666666666666
Severe obese,High risk,39.9,39.9,39.9,1,0.06666666666666667
Very severe obese,Very high risk,50.0,50.0,50.0,1,0.06666666666666667
