BMI Category,Health risk,BMI min,BMI mean,BMI max,count,probability
Moderately obese,Medium risk,31.11111111111111,32.244556804798314,32.83061454806607,3,0.5
Normal weight,Low risk,22.49963710262738,23.132534600696403,23.76543209876543,2,0.3333333333333333
Overweight,Enhanced risk,29.402273297715947,29.402273297715947,29.402273297715947,1,0.16666666666666666
